<?xml version="1.0" encoding="UTF-8"?>
<mule xmlns:ee="http://www.mulesoft.org/schema/mule/ee/core" xmlns:api-platform-gw="http://www.mulesoft.org/schema/mule/api-platform-gw"
	xmlns:dw="http://www.mulesoft.org/schema/mule/ee/dw" xmlns:ws="http://www.mulesoft.org/schema/mule/ws" xmlns:doc="http://www.mulesoft.org/schema/mule/documentation" xmlns="http://www.mulesoft.org/schema/mule/core" xmlns:apikit="http://www.mulesoft.org/schema/mule/apikit" xmlns:http="http://www.mulesoft.org/schema/mule/http" xmlns:spring="http://www.springframework.org/schema/beans" xmlns:xsi="http://www.w3.org/2001/XMLSchema-instance" xsi:schemaLocation="http://www.mulesoft.org/schema/mule/api-platform-gw http://www.mulesoft.org/schema/mule/api-platform-gw/current/mule-api-platform-gw.xsd
http://www.mulesoft.org/schema/mule/core http://www.mulesoft.org/schema/mule/core/current/mule.xsd
http://www.mulesoft.org/schema/mule/http http://www.mulesoft.org/schema/mule/http/current/mule-http.xsd
http://www.mulesoft.org/schema/mule/apikit http://www.mulesoft.org/schema/mule/apikit/current/mule-apikit.xsd
http://www.springframework.org/schema/beans http://www.springframework.org/schema/beans/spring-beans-3.1.xsd
http://www.mulesoft.org/schema/mule/ws http://www.mulesoft.org/schema/mule/ws/current/mule-ws.xsd
http://www.mulesoft.org/schema/mule/ee/dw http://www.mulesoft.org/schema/mule/ee/dw/current/dw.xsd
http://www.mulesoft.org/schema/mule/ee/core http://www.mulesoft.org/schema/mule/ee/core/current/mule-ee.xsd">
    <apikit:config name="t-shirt-config" raml="api.raml" consoleEnabled="true" consolePath="console" doc:name="Router"/>
    <http:listener-config name="HTTP_Listener_Configuration" host="0.0.0.0" port="8083" doc:name="HTTP Listener Configuration"/>
    <ws:consumer-config name="Web_Service_Consumer" wsdlLocation="http://tshirt-service.cloudhub.io/?wsdl" service="TshirtServicePortTypeService" port="TshirtServicePortTypePort" serviceAddress="http://tshirt-service.cloudhub.io/" doc:name="Web Service Consumer"/>
 
	 <!-- <api-platform-gw:api id="myAPI" apiName="my-api-gateway" version="1.0.0" flowRef="t-shirt-main" create="true" doc:name="API Autodiscovery">
	   <api-platform-gw:description>This is a test API</api-platform-gw:description>
	   <api-platform-gw:tag>tag1</api-platform-gw:tag>
	   <api-platform-gw:tag>tag2</api-platform-gw:tag>
	</api-platform-gw:api> -->
 
 
    <flow name="t-shirt-main">
        <http:listener config-ref="HTTP_Listener_Configuration" path="/api/*" doc:name="HTTP"/>
        <apikit:router config-ref="t-shirt-config" doc:name="APIkit Router"/>
        <exception-strategy ref="t-shirt-apiKitGlobalExceptionMapping" doc:name="Reference Exception Strategy"/>
    </flow>
    <flow name="get:/products:t-shirt-config">
        <logger message="#[message.id] | Get Products Flow Entry" level="INFO" doc:name="Logger"/>
        <ee:cache doc:name="Cache">
            <ws:consumer config-ref="Web_Service_Consumer" operation="ListInventory" doc:name="Web Service Consumer"/>
            <dw:transform-message doc:name="Transform Message">
                <dw:set-payload><![CDATA[%dw 1.0
%output application/json
%namespace ns0 http://mulesoft.org/tshirt-service
---
payload.ns0#ListInventoryResponse.*inventory map ((inventory , indexOfInventory) -> {
	productCode: inventory.productCode,
	size: inventory.size,
	description: inventory.description,
	count: inventory.count
})]]></dw:set-payload>
            </dw:transform-message>
            <logger message="#[message.id] | GET PRODUCTS FROM CACHE" level="INFO" doc:name="Logger"/>
        </ee:cache>
        <logger message="#[message.id] | Get Products Flow Exit" level="INFO" doc:name="Logger"/>
        <!-- <set-payload value="[&#xA;  {&#xA;    &quot;productCode&quot;: &quot;TS&quot;,&#xA;    &quot;size&quot;: &quot;S&quot;,&#xA;    &quot;description&quot;: &quot;Small T-shirt&quot;,&#xA;    &quot;count&quot;: 30&#xA;  },&#xA;  {&#xA;    &quot;productCode&quot;: &quot;TS&quot;,&#xA;    &quot;size&quot;: &quot;M&quot;,&#xA;    &quot;description&quot;: &quot;Medium T-shirt&quot;,&#xA;    &quot;count&quot;: 22&#xA;  }&#xA;]" doc:name="Set Payload"/> -->
    </flow>
    <flow name="get:/orders/{orderId}/status:t-shirt-config">
        <logger message="Get Order By OrderId Entry" level="INFO" doc:name="Logger"/>
        <dw:transform-message doc:name="Transform Message">
            <dw:set-payload><![CDATA[%dw 1.0
%output application/xml
%namespace ns0 http://mulesoft.org/tshirt-service
---
{
	ns0#TrackOrder: {
		email: inboundProperties."http.query.params".email,
		orderId: flowVars.orderId
	}
}]]></dw:set-payload>
        </dw:transform-message>
        <!-- <set-payload value="{&#xA;  &quot;orderId&quot;: &quot;4321&quot;,&#xA;  &quot;status&quot;: &quot;Delivered&quot;,&#xA;  &quot;size&quot;: &quot;M&quot;&#xA;}" doc:name="Set Payload"/> -->
        <ws:consumer config-ref="Web_Service_Consumer" doc:name="Web Service Consumer" operation="TrackOrder"/>
        <dw:transform-message doc:name="Transform Message">
            <dw:set-payload><![CDATA[%dw 1.0
%output application/json
%namespace ns0 http://mulesoft.org/tshirt-service
---
{
	orderId: payload.ns0#TrackOrderResponse.orderId,
	status: payload.ns0#TrackOrderResponse.status,
	size: payload.ns0#TrackOrderResponse.size
}]]></dw:set-payload>
        </dw:transform-message>
        <logger message="Get Order By OrderId Exit" level="INFO" doc:name="Logger"/>
    </flow>
    <flow name="post:/orders:application/json:t-shirt-config">
        <dw:transform-message doc:name="Transform Message">
            <dw:set-payload><![CDATA[%dw 1.0
%output application/xml
%namespace ns0 http://mulesoft.org/tshirt-service
---
{
	ns0#OrderTshirt: {
		size: payload.size,
		email: payload.email,
		name: payload.name,
		address1: payload.address1,
		address2: payload.address2,
		city: payload.city,
		stateOrProvince: payload.stateOrProvince,
		postalCode: payload.postalCode,
		country: payload.country
	}
}]]></dw:set-payload>
        </dw:transform-message>
        <!-- <set-payload value="{&#xA;  &quot;orderId&quot;: &quot;4321&quot;&#xA;}" doc:name="Set Payload"/> -->
        <ws:consumer config-ref="Web_Service_Consumer" doc:name="Web Service Consumer" operation="OrderTshirt"/>
        <dw:transform-message doc:name="Transform Message">
            <dw:set-payload><![CDATA[%dw 1.0
%output application/json
%namespace ns0 http://mulesoft.org/tshirt-service
---
{
	orderId: payload.ns0#OrderTshirtResponse.orderId
}]]></dw:set-payload>
        </dw:transform-message>
    </flow>
    <apikit:mapping-exception-strategy name="t-shirt-apiKitGlobalExceptionMapping">
        <apikit:mapping statusCode="404">
            <apikit:exception value="org.mule.module.apikit.exception.NotFoundException" />
            <set-property propertyName="Content-Type" value="application/json" doc:name="Property"/>
            <set-payload value="{ &quot;message&quot;: &quot;Resource not found&quot; }" doc:name="Set Payload"/>
        </apikit:mapping>
        <apikit:mapping statusCode="405">
            <apikit:exception value="org.mule.module.apikit.exception.MethodNotAllowedException" />
            <set-property propertyName="Content-Type" value="application/json" doc:name="Property"/>
            <set-payload value="{ &quot;message&quot;: &quot;Method not allowed&quot; }" doc:name="Set Payload"/>
        </apikit:mapping>
        <apikit:mapping statusCode="415">
            <apikit:exception value="org.mule.module.apikit.exception.UnsupportedMediaTypeException" />
            <set-property propertyName="Content-Type" value="application/json" doc:name="Property"/>
            <set-payload value="{ &quot;message&quot;: &quot;Unsupported media type&quot; }" doc:name="Set Payload"/>
        </apikit:mapping>
        <apikit:mapping statusCode="406">
            <apikit:exception value="org.mule.module.apikit.exception.NotAcceptableException" />
            <set-property propertyName="Content-Type" value="application/json" doc:name="Property"/>
            <set-payload value="{ &quot;message&quot;: &quot;Not acceptable&quot; }" doc:name="Set Payload"/>
        </apikit:mapping>
        <apikit:mapping statusCode="400">
            <apikit:exception value="org.mule.module.apikit.exception.BadRequestException" />
            <set-property propertyName="Content-Type" value="application/json" doc:name="Property"/>
            <set-payload value="{ &quot;message&quot;: &quot;Bad request&quot; }" doc:name="Set Payload"/>
        </apikit:mapping>
    </apikit:mapping-exception-strategy>
</mule>
